{"_id":{"$oid":"5b30a7b35b54fb648471d9b4"},"jobid":"5b2c775a5b54fc69f042c1f7","firstname":"Test1","midname":"","lastname":"User1","dob":"01/06/1980","primaryskill":"Mgmt","secondaryskill":"Mgmt","totalexp":"10.11","currentexp":"TCS","currentlocation":"Delhi","preferredlocation":"Gurgaon","referedby":"5b291c004486f2c548930c70","lob":{"$numberInt":"0"},"sublob":{"$numberInt":"0"},"mobile":"1111111111","emailid":"a@a.com","attachment":"f13bcda2-523d-4774-9176-82b0142b6a74.pdf","referedon":{"$date":{"$numberLong":"1529915315318"}},"referenceid":{"$numberInt":"151612"},"IsFemale":true,"statusid":{"$numberInt":"11"}}
{"_id":{"$oid":"5b30ae2a5b54fb648471d9b5"},"jobid":"5b2c775a5b54fc69f042c1f7","firstname":"Test2","midname":"","lastname":"User2","dob":"01/06/1981","primaryskill":"Mgmt","secondaryskill":"Mgmt","totalexp":"15.9","currentexp":"TCS","currentlocation":"Gurgaon","preferredlocation":"Gurgaon","referedby":"5b291c004486f2c548930c70","lob":{"$numberInt":"0"},"sublob":{"$numberInt":"0"},"mobile":"2222222222","emailid":"b@b.com","attachment":"96d7387f-7d57-4cdb-99e3-66aba90320c7.docx","referedon":{"$date":{"$numberLong":"1529916970404"}},"referenceid":{"$numberInt":"151613"},"IsFemale":true,"statusid":{"$numberInt":"11"}}
{"_id":{"$oid":"5b30bd0b5b54fb43fc8076b6"},"jobid":"5b2c79985b54ff69f059e6a1","firstname":"Test3","midname":"","lastname":"User3","dob":"01/06/1982","primaryskill":"Mgmt","secondaryskill":"Mgmt","totalexp":"12","currentexp":"TCS","currentlocation":"Noida","preferredlocation":"Gurgaon","referedby":"5b291c004486f2c548930c70","lob":{"$numberInt":"0"},"sublob":{"$numberInt":"0"},"mobile":"1111111111","emailid":"a@a.com","attachment":"ff4483f2-21bf-43d4-b9b3-adb58d987486.doc","referedon":{"$date":{"$numberLong":"1529920779561"}},"referenceid":{"$numberInt":"151614"},"IsFemale":false,"statusid":{"$numberInt":"5"}}
{"_id":{"$oid":"5b321c9a5b54fb7efc5f2360"},"jobid":"5b2c775a5b54fc69f042c1f7","firstname":"Test4","midname":"","lastname":"User4","dob":"01/06/1980","primaryskill":"Mgmt","secondaryskill":"Mgmt","totalexp":"0.5","currentexp":"TCS","currentlocation":"Delhi","preferredlocation":"Gurgaon","referedby":"5b291c004486f2c548930c70","lob":{"$numberInt":"0"},"sublob":{"$numberInt":"0"},"mobile":"3333333333","emailid":"c@c.com","attachment":"2848322a-0546-4d5a-9787-6e7dbc0fd678.pdf","referedon":{"$date":{"$numberLong":"1530010778259"}},"referenceid":{"$numberInt":"151614"},"IsFemale":true,"statusid":{"$numberInt":"0"}}
{"_id":{"$oid":"5b321ed35b54fb7efc5f2361"},"jobid":"5b2c775a5b54fc69f042c1f7","firstname":"Test5","midname":"","lastname":"User5","dob":"01/06/1981","primaryskill":"Mgmt","secondaryskill":"Mgmt","totalexp":"9.9","currentexp":"TCS","currentlocation":"Gurgaon","preferredlocation":"Gurgaon","referedby":"5b291c004486f2c548930c70","lob":{"$numberInt":"0"},"sublob":{"$numberInt":"0"},"mobile":"4444444444","emailid":"d@d.com","attachment":"96c9cd44-c09d-4ef0-a99f-0a3529c7566c.docx","referedon":{"$date":{"$numberLong":"1530011347677"}},"referenceid":{"$numberInt":"151615"},"IsFemale":true,"statusid":{"$numberInt":"10"}}
{"_id":{"$oid":"5b321fe45b54fb7efc5f2362"},"jobid":"5b2c79985b54ff69f059e6a1","firstname":"Test6","midname":"","lastname":"User6","dob":"01/06/1982","primaryskill":"Mgmt","secondaryskill":"Mgmt","totalexp":"2.5","currentexp":"TCS","currentlocation":"Noida","preferredlocation":"Gurgaon","referedby":"5b291c004486f2c548930c70","lob":{"$numberInt":"0"},"sublob":{"$numberInt":"0"},"mobile":"2222222222","emailid":"b@b.com","attachment":"2d32b624-5f17-4a9c-947b-811c0ded538b.doc","referedon":{"$date":{"$numberLong":"1530011620189"}},"referenceid":{"$numberInt":"151616"},"IsFemale":false,"statusid":{"$numberInt":"1"}}
{"_id":{"$oid":"5b333cbb5b54fb8eb458e4a7"},"jobid":"5b2c775a5b54fc69f042c1f7","firstname":"Temp","midname":"","lastname":"Temp","dob":"30/06/1999","primaryskill":"Temp Updated 1","secondaryskill":"Temp Updated 1","totalexp":"Temp Updated 1","currentexp":"Temp Updated 1","currentlocation":"Temp Updated 1","preferredlocation":"Temp Updated 1","referedby":"5b291c004486f2c548930c70","lob":{"$numberInt":"0"},"sublob":{"$numberInt":"0"},"mobile":"0000000000","emailid":"temp@temp.com","attachment":"ffc06d2f-7a77-4de6-8c46-1a80d4386e81.pdf","referedon":{"$date":{"$numberLong":"1530084539932"}},"referenceid":{"$numberInt":"151617"},"IsFemale":true,"statusid":{"$numberInt":"10"}}
{"_id":{"$oid":"5b34e0aa5b54fc977cff49a5"},"jobid":"5b29f26a5b54fd6e98859f84","firstname":"1","midname":"1","lastname":"1","dob":"15/06/2000","primaryskill":"1","secondaryskill":"1","totalexp":"1","currentexp":"1","currentlocation":"1","preferredlocation":"1","referedby":"5b291c004486f2c548930e17","lob":{"$numberInt":"0"},"sublob":{"$numberInt":"0"},"mobile":"7894562130","emailid":"111@nm.c","attachment":"ea2caee3-4d98-4c5d-8e95-d88808b23a7d.pdf","referedon":{"$date":{"$numberLong":"1530192042139"}},"referenceid":{"$numberInt":"151618"},"IsFemale":true,"statusid":{"$numberInt":"8"}}
{"_id":{"$oid":"5b35cbf05b54fc304433988a"},"jobid":"5b3230795b54fb9184c4fb8d","firstname":"Test","midname":"","lastname":"Test","dob":"15/06/2000","primaryskill":"2","secondaryskill":"2","totalexp":"1","currentexp":"1","currentlocation":"1","preferredlocation":"1","referedby":"5b291c004486f2c548930e17","lob":{"$numberInt":"0"},"sublob":{"$numberInt":"0"},"mobile":"7415248950","emailid":"111@mmm.c","attachment":"fd294705-d4fc-4b60-b391-07ecc49624f0.doc","referedon":{"$date":{"$numberLong":"1530252272054"}},"referenceid":{"$numberInt":"151619"},"IsFemale":false,"statusid":{"$numberInt":"0"}}
