{"_id":{"$oid":"5b30a7b35b54fb648471d9b4"},"jobid":"5b2c775a5b54fc69f042c1f7","firstname":"Test1","midname":"","lastname":"User1","dob":"01/06/1980","primaryskill":"Mgmt","secondaryskill":"Mgmt","totalexp":"10.11","currentexp":"TCS","currentlocation":"Delhi","preferredlocation":"Gurgaon","referedby":"5b291c004486f2c548930c70","lob":{"$numberInt":"0"},"sublob":{"$numberInt":"0"},"mobile":"1111111111","emailid":"a@a.com","attachment":"f13bcda2-523d-4774-9176-82b0142b6a74.pdf","referedon":{"$date":{"$numberLong":"1529915315318"}},"referenceid":{"$numberInt":"151612"},"IsFemale":true,"statusid":{"$numberInt":"10"}}
{"_id":{"$oid":"5b30ae2a5b54fb648471d9b5"},"jobid":"5b2c775a5b54fc69f042c1f7","firstname":"Test2","midname":"","lastname":"User2","dob":"01/06/1981","primaryskill":"Mgmt","secondaryskill":"Mgmt","totalexp":"15.9","currentexp":"TCS","currentlocation":"Gurgaon","preferredlocation":"Gurgaon","referedby":"5b291c004486f2c548930c70","lob":{"$numberInt":"0"},"sublob":{"$numberInt":"0"},"mobile":"2222222222","emailid":"b@b.com","attachment":"96d7387f-7d57-4cdb-99e3-66aba90320c7.docx","referedon":{"$date":{"$numberLong":"1529916970404"}},"referenceid":{"$numberInt":"151613"},"IsFemale":true,"statusid":{"$numberInt":"11"}}
{"_id":{"$oid":"5b30bd0b5b54fb43fc8076b6"},"jobid":"5b2c79985b54ff69f059e6a1","firstname":"Test3","midname":"","lastname":"User3","dob":"01/06/1982","primaryskill":"Mgmt","secondaryskill":"Mgmt","totalexp":"12","currentexp":"TCS","currentlocation":"Noida","preferredlocation":"Gurgaon","referedby":"5b291c004486f2c548930c70","lob":{"$numberInt":"0"},"sublob":{"$numberInt":"0"},"mobile":"1111111111","emailid":"a@a.com","attachment":"ff4483f2-21bf-43d4-b9b3-adb58d987486.doc","referedon":{"$date":{"$numberLong":"1529920779561"}},"referenceid":{"$numberInt":"151614"},"IsFemale":false,"statusid":{"$numberInt":"5"}}
{"_id":{"$oid":"5b321c9a5b54fb7efc5f2360"},"jobid":"5b2c775a5b54fc69f042c1f7","firstname":"Test4","midname":"","lastname":"User4","dob":"01/06/1980","primaryskill":"Mgmt","secondaryskill":"Mgmt","totalexp":"0.5","currentexp":"TCS","currentlocation":"Delhi","preferredlocation":"Gurgaon","referedby":"5b291c004486f2c548930c70","lob":{"$numberInt":"0"},"sublob":{"$numberInt":"0"},"mobile":"3333333333","emailid":"c@c.com","attachment":"2848322a-0546-4d5a-9787-6e7dbc0fd678.pdf","referedon":{"$date":{"$numberLong":"1530010778259"}},"referenceid":{"$numberInt":"151614"},"IsFemale":true,"statusid":{"$numberInt":"0"}}
{"_id":{"$oid":"5b321ed35b54fb7efc5f2361"},"jobid":"5b2c775a5b54fc69f042c1f7","firstname":"Test5","midname":"","lastname":"User5","dob":"01/06/1981","primaryskill":"Mgmt","secondaryskill":"Mgmt","totalexp":"9.9","currentexp":"TCS","currentlocation":"Gurgaon","preferredlocation":"Gurgaon","referedby":"5b291c004486f2c548930c70","lob":{"$numberInt":"0"},"sublob":{"$numberInt":"0"},"mobile":"4444444444","emailid":"d@d.com","attachment":"96c9cd44-c09d-4ef0-a99f-0a3529c7566c.docx","referedon":{"$date":{"$numberLong":"1530011347677"}},"referenceid":{"$numberInt":"151615"},"IsFemale":true,"statusid":{"$numberInt":"10"}}
{"_id":{"$oid":"5b321fe45b54fb7efc5f2362"},"jobid":"5b2c79985b54ff69f059e6a1","firstname":"Test6","midname":"","lastname":"User6","dob":"01/06/1982","primaryskill":"Mgmt","secondaryskill":"Mgmt","totalexp":"2.5","currentexp":"TCS","currentlocation":"Noida","preferredlocation":"Gurgaon","referedby":"5b291c004486f2c548930c70","lob":{"$numberInt":"0"},"sublob":{"$numberInt":"0"},"mobile":"2222222222","emailid":"b@b.com","attachment":"2d32b624-5f17-4a9c-947b-811c0ded538b.doc","referedon":{"$date":{"$numberLong":"1530011620189"}},"referenceid":{"$numberInt":"151616"},"IsFemale":false,"statusid":{"$numberInt":"1"}}
{"_id":{"$oid":"5b333cbb5b54fb8eb458e4a7"},"jobid":"5b2c775a5b54fc69f042c1f7","firstname":"Temp","midname":"","lastname":"Temp","dob":"30/06/1999","primaryskill":"Temp Updated 1","secondaryskill":"Temp Updated 1","totalexp":"Temp Updated 1","currentexp":"Temp Updated 1","currentlocation":"Temp Updated 1","preferredlocation":"Temp Updated 1","referedby":"5b291c004486f2c548930c70","lob":{"$numberInt":"0"},"sublob":{"$numberInt":"0"},"mobile":"0000000000","emailid":"temp@temp.com","attachment":"ffc06d2f-7a77-4de6-8c46-1a80d4386e81.pdf","referedon":{"$date":{"$numberLong":"1530084539932"}},"referenceid":{"$numberInt":"151617"},"IsFemale":true,"statusid":{"$numberInt":"10"}}
{"_id":{"$oid":"5b34e0aa5b54fc977cff49a5"},"jobid":"5b29f26a5b54fd6e98859f84","firstname":"1","midname":"1","lastname":"1","dob":"15/06/2000","primaryskill":"1","secondaryskill":"1","totalexp":"1","currentexp":"1","currentlocation":"1","preferredlocation":"1","referedby":"5b291c004486f2c548930e17","lob":{"$numberInt":"0"},"sublob":{"$numberInt":"0"},"mobile":"7894562130","emailid":"111@nm.c","attachment":"ea2caee3-4d98-4c5d-8e95-d88808b23a7d.pdf","referedon":{"$date":{"$numberLong":"1530192042139"}},"referenceid":{"$numberInt":"151618"},"IsFemale":true,"statusid":{"$numberInt":"10"}}
{"_id":{"$oid":"5b35cbf05b54fc304433988a"},"jobid":"5b3230795b54fb9184c4fb8d","firstname":"Test","midname":"","lastname":"Test","dob":"15/06/2000","primaryskill":"2","secondaryskill":"2","totalexp":"1","currentexp":"1","currentlocation":"1","preferredlocation":"1","referedby":"5b291c004486f2c548930e17","lob":{"$numberInt":"0"},"sublob":{"$numberInt":"0"},"mobile":"7415248950","emailid":"111@mmm.c","attachment":"fd294705-d4fc-4b60-b391-07ecc49624f0.doc","referedon":{"$date":{"$numberLong":"1530252272054"}},"referenceid":{"$numberInt":"151619"},"IsFemale":false,"statusid":{"$numberInt":"5"}}
{"_id":{"$oid":"5b45af0c5b54fb7120e4a6d0"},"jobid":"5b29f26a5b54fd6e98859f84","firstname":"Parul","midname":"","lastname":"Batra","dob":"14/07/1982","primaryskill":"Testing","secondaryskill":"Automation","totalexp":"4","currentexp":"ABC","currentlocation":"Noida","preferredlocation":"Gurgaon","referedby":"5b291c004486f2c548930f3f","lob":{"$numberInt":"0"},"sublob":{"$numberInt":"0"},"mobile":"9888899990","emailid":"parul@abc.com","attachment":"babe3a34-9d89-45a8-98dd-b921833ac0a2.doc","referedon":{"$date":{"$numberLong":"1531293452656"}},"referenceid":{"$numberInt":"151620"},"IsFemale":true,"statusid":{"$numberInt":"2"}}
{"_id":{"$oid":"5b45b7725b54fb7120e4a6d3"},"jobid":"5b2b66295b54fb730870017e","firstname":"Amit","midname":"","lastname":"Kumar","dob":"18/07/2000","primaryskill":"WPF","secondaryskill":"Testing","totalexp":"6","currentexp":"TCS","currentlocation":"Gurgaon","preferredlocation":"Noida","referedby":"5b291c004486f2c548930abb","lob":{"$numberInt":"0"},"sublob":{"$numberInt":"0"},"mobile":"6878787878","emailid":"amit@gmail.com","attachment":"1cefd376-a5d9-480e-ae45-379a8c3e71c2.docx","referedon":{"$date":{"$numberLong":"1531295602944"}},"referenceid":{"$numberInt":"151621"},"IsFemale":false,"statusid":{"$numberInt":"10"}}
{"_id":{"$oid":"5b62ea315b54fb393826698c"},"jobid":"5b29f26a5b54fd6e98859f84","firstname":"0","midname":"0","lastname":"0","dob":"04/08/2000","primaryskill":"0","secondaryskill":"0","totalexp":"0","currentexp":"0","currentlocation":"0","preferredlocation":"0","referedby":"5b291c004486f2c548930e17","lob":{"$numberInt":"0"},"sublob":{"$numberInt":"0"},"mobile":"9878987890","emailid":"0@m.c","attachment":"d4411016-2de6-41f2-944c-9b40877f5aff.pdf","referedon":{"$date":{"$numberLong":"1533209137603"}},"referenceid":{"$numberInt":"151625"},"IsFemale":true,"statusid":{"$numberInt":"0"}}
{"_id":{"$oid":"5b62eacb5b54fb393826698d"},"jobid":"5b29f26a5b54fd6e98859f84","firstname":"0","midname":"0","lastname":"0","dob":"16/08/2000","primaryskill":"0","secondaryskill":"0","totalexp":"0","currentexp":"0","currentlocation":"0","preferredlocation":"0","referedby":"5b291c004486f2c548930e17","lob":{"$numberInt":"0"},"sublob":{"$numberInt":"0"},"mobile":"9998887770","emailid":"999@m.c","attachment":"7dd65d86-3848-4d78-a136-085c6c9f2e05.docx","referedon":{"$date":{"$numberLong":"1533209291588"}},"referenceid":{"$numberInt":"151626"},"IsFemale":true,"statusid":{"$numberInt":"0"}}
{"_id":{"$oid":"5b62ec145b54fb393826698e"},"jobid":"5b29f26a5b54fd6e98859f84","firstname":"0","midname":"0","lastname":"0","dob":"10/08/2000","primaryskill":"0","secondaryskill":"0","totalexp":"0","currentexp":"0","currentlocation":"0","preferredlocation":"0","referedby":"5b291c004486f2c548930e17","lob":{"$numberInt":"0"},"sublob":{"$numberInt":"0"},"mobile":"9878979120","emailid":"0@m.com","attachment":"951edd1b-c10e-442d-ac2c-29acb37d755b.docx","referedon":{"$date":{"$numberLong":"1533209620955"}},"referenceid":{"$numberInt":"151627"},"IsFemale":true,"statusid":{"$numberInt":"0"}}
{"_id":{"$oid":"5b62f5755b54fb393826698f"},"jobid":"5b29f26a5b54fd6e98859f84","firstname":"0","midname":"0","lastname":"0","dob":"16/08/2000","primaryskill":"0","secondaryskill":"0","totalexp":"0","currentexp":"0","currentlocation":"0","preferredlocation":"0","referedby":"5b291c004486f2c548930e17","lob":{"$numberInt":"0"},"sublob":{"$numberInt":"0"},"mobile":"7845968510","emailid":"adsf@mm.c","attachment":"ee1220e6-029d-40b0-bdf1-9d6f2a237763.pdf","referedon":{"$date":{"$numberLong":"1533212021561"}},"referenceid":{"$numberInt":"151628"},"IsFemale":true,"statusid":{"$numberInt":"0"}}
{"_id":{"$oid":"5b62f7065b54fc20301404a8"},"jobid":"5b29f26a5b54fd6e98859f84","firstname":"0","midname":"0","lastname":"0","dob":"04/08/2000","primaryskill":"hr","secondaryskill":"hr","totalexp":"6","currentexp":"m","currentlocation":"m","preferredlocation":"m","referedby":"5b291c004486f2c548930bca","lob":{"$numberInt":"0"},"sublob":{"$numberInt":"0"},"mobile":"4655766879","emailid":"r@gmail.com","attachment":"02b2ef54-2db0-4602-9e2c-94c41f24e3ec.docx","referedon":{"$date":{"$numberLong":"1533212422895"}},"referenceid":{"$numberInt":"151629"},"IsFemale":true,"statusid":{"$numberInt":"0"}}
{"_id":{"$oid":"5b62f9b15b54fc20301404a9"},"jobid":"5b2b65475b54fb730870017d","firstname":"r","midname":"r","lastname":"r","dob":"23/08/2000","primaryskill":"h","secondaryskill":"h","totalexp":"h","currentexp":"h","currentlocation":"h","preferredlocation":"h","referedby":"5b291c004486f2c548930bca","lob":{"$numberInt":"0"},"sublob":{"$numberInt":"0"},"mobile":"9811316402","emailid":"h@gmail.com","attachment":"470a0a24-64ca-49be-b600-b815efe7216e.docx","referedon":{"$date":{"$numberLong":"1533213105019"}},"referenceid":{"$numberInt":"151630"},"IsFemale":true,"statusid":{"$numberInt":"0"}}
{"_id":{"$oid":"5b62fae25b54fd203073178a"},"jobid":"5b2b65475b54fb730870017d","firstname":"0","midname":"0","lastname":"0","dob":"23/08/2000","primaryskill":"0","secondaryskill":"0","totalexp":"0","currentexp":"0","currentlocation":"0","preferredlocation":"0","referedby":"5b291c004486f2c548930e17","lob":{"$numberInt":"0"},"sublob":{"$numberInt":"0"},"mobile":"4785961250","emailid":"000@m.ccc","attachment":"affbc8c6-fc23-4d6f-9941-e4ca0de3537f.docx","referedon":{"$date":{"$numberLong":"1533213410003"}},"referenceid":{"$numberInt":"151631"},"IsFemale":true,"statusid":{"$numberInt":"0"}}
{"_id":{"$oid":"5b62fb6e5b54fd203073178b"},"jobid":"5b29f26a5b54fd6e98859f84","firstname":"1","midname":"1","lastname":"1","dob":"01/08/2000","primaryskill":"1","secondaryskill":"1","totalexp":"1","currentexp":"1","currentlocation":"1","preferredlocation":"1","referedby":"5b291c004486f2c548930e17","lob":{"$numberInt":"0"},"sublob":{"$numberInt":"0"},"mobile":"1547487952","emailid":"111@xx.c","attachment":"49411778-c7b7-4a32-b547-dfb9446be07e.docx","referedon":{"$date":{"$numberLong":"1533213550071"}},"referenceid":{"$numberInt":"151632"},"IsFemale":true,"statusid":{"$numberInt":"0"}}
{"_id":{"$oid":"5b62fb925b54fd203073178c"},"jobid":"5b29f26a5b54fd6e98859f84","firstname":"1","midname":"1","lastname":"1","dob":"18/08/2000","primaryskill":"1","secondaryskill":"1","totalexp":"1","currentexp":"1","currentlocation":"1","preferredlocation":"1","referedby":"5b291c004486f2c548930e17","lob":{"$numberInt":"0"},"sublob":{"$numberInt":"0"},"mobile":"7485965401","emailid":"1@c.d","attachment":"991b566d-2a71-49e9-9806-5e877815f394.docx","referedon":{"$date":{"$numberLong":"1533213586438"}},"referenceid":{"$numberInt":"151633"},"IsFemale":true,"statusid":{"$numberInt":"0"}}
{"_id":{"$oid":"5b62fbc65b54fd203073178d"},"jobid":"5b29f26a5b54fd6e98859f84","firstname":"1","midname":"1","lastname":"1","dob":"25/08/2000","primaryskill":"1","secondaryskill":"1","totalexp":"1","currentexp":"1","currentlocation":"0","preferredlocation":"1","referedby":"5b291c004486f2c548930e17","lob":{"$numberInt":"0"},"sublob":{"$numberInt":"0"},"mobile":"7412589636","emailid":"qq@w.c","attachment":"0bea23e1-e98b-4fb7-9c8e-51c8a0eec991.docx","referedon":{"$date":{"$numberLong":"1533213638429"}},"referenceid":{"$numberInt":"151634"},"IsFemale":true,"statusid":{"$numberInt":"0"}}
{"_id":{"$oid":"5b62fbe55b54fd203073178e"},"jobid":"5b29f26a5b54fd6e98859f84","firstname":"1","midname":"1","lastname":"1","dob":"11/08/2000","primaryskill":"1","secondaryskill":"1","totalexp":"1","currentexp":"1","currentlocation":"1","preferredlocation":"1","referedby":"5b291c004486f2c548930e17","lob":{"$numberInt":"0"},"sublob":{"$numberInt":"0"},"mobile":"7485965417","emailid":"1111@cs.c","attachment":"05fdccb0-663e-440e-8e85-09b5aefc6e63.docx","referedon":{"$date":{"$numberLong":"1533213669810"}},"referenceid":{"$numberInt":"151635"},"IsFemale":true,"statusid":{"$numberInt":"1"}}
{"_id":{"$oid":"5b62fc285b54fd203073178f"},"jobid":"5b29f26a5b54fd6e98859f84","firstname":"qq","midname":"q","lastname":"q","dob":"10/08/2000","primaryskill":"q","secondaryskill":"q","totalexp":"8","currentexp":"Q","currentlocation":"q","preferredlocation":"q","referedby":"5b291c004486f2c548930bca","lob":{"$numberInt":"0"},"sublob":{"$numberInt":"0"},"mobile":"1111111111","emailid":"w@gmail.com","attachment":"32c9938d-dd93-40f6-aed2-73521a39e5df.docx","referedon":{"$date":{"$numberLong":"1533213736255"}},"referenceid":{"$numberInt":"151636"},"IsFemale":true,"statusid":{"$numberInt":"0"}}
{"_id":{"$oid":"5b6450685b54fc5fa4083059"},"jobid":"5b29f26a5b54fd6e98859f84","firstname":"tk","midname":"k","lastname":"k","dob":"10/08/2000","primaryskill":"0","secondaryskill":"0","totalexp":"0","currentexp":"0","currentlocation":"0","preferredlocation":"0","referedby":"5b291c004486f2c548930e17","lob":{"$numberInt":"0"},"sublob":{"$numberInt":"0"},"mobile":"7485961210","emailid":"2222@d.c","attachment":"bde9b1a5-60c8-4bd4-a9a7-91d62dd918aa.pdf","referedon":{"$date":{"$numberLong":"1533300840354"}},"referenceid":{"$numberInt":"151634"},"IsFemale":true,"statusid":{"$numberInt":"0"}}
{"_id":{"$oid":"5b6819125b54fb60689b7d22"},"jobid":"5b2b5ad45b54fb742828e8a2","firstname":"Test1","midname":"","lastname":"Test2","dob":"01/07/2000","primaryskill":"Abc test","secondaryskill":"Abc test","totalexp":"20 test","currentexp":"Test test","currentlocation":"Test","preferredlocation":"Test","referedby":"5b291c004486f2c548930dba","lob":{"$numberInt":"0"},"sublob":{"$numberInt":"0"},"mobile":"1234567890","emailid":"test@test.test","attachment":"cc308d68-bcaf-421c-b851-3af3b65d09fb.docx","referedon":{"$date":{"$numberLong":"1533548818451"}},"referenceid":{"$numberInt":"151635"},"IsFemale":true,"statusid":{"$numberInt":"0"}}
{"_id":{"$oid":"5b6ad0815b54fb56685332c4"},"jobid":"5b29f26a5b54fd6e98859f84","firstname":"ankit","midname":"","lastname":"kumar","dob":"02/08/2000","primaryskill":"dot net","secondaryskill":"mvc","totalexp":"5","currentexp":"tcs","currentlocation":"gurgaon","preferredlocation":"gurgaon","referedby":"5b291c004486f2c548930abb","lob":{"$numberInt":"0"},"sublob":{"$numberInt":"0"},"mobile":"8788767788","emailid":"ankitt@gmail.com","attachment":"a6da025c-69c9-4f45-b2e1-e6f8794764db.docx","referedon":{"$date":{"$numberLong":"1533726849026"}},"referenceid":{"$numberInt":"151636"},"IsFemale":true,"statusid":{"$numberInt":"0"}}
