{"_id":{"$oid":"5a4b6f895b54fb4034d9d3e2"},"ClientName":"Mercer India consulting Pvt. Ltd.","PositionTitle":"Senior Software Engineer","PositionCount":"6","WorkLocation":"Gurgaon","JobDescription":"candidate requried with .NET experince","MinExperience":4,"MaxExperience":6,"PrimarySkills":".NET","SecondarySkills":"Javascript","shift":"11:30 AM to 08:30 PM","MinCTC":"5.5","MaxCTC":"9","InterviewLocation":"Gurgaon","ContactPersonName":"Rajiv Rao","ContactPersonEmail":"rajiv.rao@mercer.com","ContactPersonPhone":"7894561230","AdditionalComments":"none","publishedby":"5a45d682bf4ec9168b41d6e6","publishedon":{"$date":"2018-01-02T11:39:53.679Z"}}
{"_id":{"$oid":"5a4e1f905b54fb6d84183f2f"},"ClientName":"Mercer","PositionTitle":"SSe","PositionCount":"1","WorkLocation":"Gurgaon","JobDescription":"SSE - DOT Net","MinExperience":3,"MaxExperience":5,"PrimarySkills":"Angular JS","SecondarySkills":"Node","shift":"11:30 AM to 08:30 PM","MinCTC":"5","MaxCTC":"8","InterviewLocation":"Gurgaon","ContactPersonName":"Rajiv Rao","ContactPersonEmail":"rajiv-rao@mercer.com","ContactPersonPhone":"9879990900","AdditionalComments":"no","publishedby":"5a45d682bf4ec9168b41d6e6","publishedon":{"$date":"2018-01-04T12:35:28.609Z"}}
