{"_id":{"$oid":"5a45d680bf4ec9168b41d6e5"},"username":"prince-lnu","password":"1076961","name":"Prince Sehgal","lob":"IT-Talent","photo":"","usertype":"1","isactive":"true"}
{"_id":{"$oid":"5a45d682bf4ec9168b41d6e6"},"username":"rajiv-rao","password":"1076961","name":"Rajiv Rao","lob":"GOSS","photo":"","usertype":"0","isactive":"true"}
{"_id":{"$oid":"5a45d683bf4ec9168b41d6e7"},"username":"prince-lnu","password":"1076961","name":"Prince Sehgal","lob":"IT-Talent","photo":"","usertype":"1","isactive":"true"}
